date,site_key,rain_mm,wind_max_kmh,wave_m,tide_range_m,actual_viz_m,current,actual_current,label,no_go_reason,confidence,comments
2022-04-29,dauin_muck,0.0,26.55,2.28,0.58,3.0,High,High,no_dive,swell,med,scenario=post_storm
2022-04-30,dauin_muck,0.0,29.96,2.37,0.64,3.0,High,High,no_dive,swell,med,scenario=post_storm
2022-05-01,dauin_muck,0.0,30.6,1.96,0.63,8.0,Moderate,Moderate,poor_viz,weather,med,scenario=post_storm
2022-05-02,dauin_muck,3.65,30.71,2.04,0.69,3.0,High,High,no_dive,swell,med,scenario=post_storm
2022-05-03,dauin_muck,6.24,25.81,2.21,0.77,3.0,High,High,no_dive,swell,med,scenario=post_storm
2022-07-24,dauin_muck,2.7,25.82,1.83,0.67,8.0,Moderate,Moderate,poor_viz,weather,med,scenario=post_storm
2022-08-02,dauin_muck,1.58,27.67,1.87,0.88,8.0,Moderate,Moderate,poor_viz,weather,med,scenario=post_storm
2022-08-03,dauin_muck,2.75,30.27,2.1,0.93,3.0,High,High,no_dive,swell,med,scenario=post_storm
2022-08-04,dauin_muck,0.0,26.22,2.08,0.88,3.0,High,High,no_dive,swell,med,scenario=post_storm
2022-08-05,dauin_muck,2.66,20.78,1.8,0.86,8.0,Moderate,Moderate,poor_viz,weather,med,scenario=post_storm
2022-08-06,dauin_muck,7.18,26.16,2.34,0.8,3.0,High,High,no_dive,swell,med,scenario=post_storm
2022-08-07,dauin_muck,7.2,31.64,2.29,0.68,3.0,High,High,no_dive,swell,med,scenario=post_storm
2022-08-27,dauin_muck,0.0,26.99,2.1,0.61,3.0,High,High,no_dive,swell,med,scenario=post_storm
2023-01-02,dauin_muck,3.52,20.89,1.66,0.58,8.0,Moderate,Moderate,poor_viz,weather,med,scenario=post_storm
2023-01-07,dauin_muck,68.32,79.25,4.3,0.63,3.0,High,High,no_dive,swell,med,scenario=post_storm
2023-01-24,dauin_muck,0.0,30.02,2.27,0.72,3.0,High,High,no_dive,swell,med,scenario=post_storm
2023-01-25,dauin_muck,0.0,31.9,2.27,0.87,3.0,High,High,no_dive,swell,med,scenario=post_storm
2023-02-02,dauin_muck,0.0,26.48,2.21,0.55,3.0,High,High,no_dive,swell,med,scenario=post_storm
2023-02-03,dauin_muck,0.0,26.84,2.31,0.56,3.0,High,High,no_dive,swell,med,scenario=post_storm
2023-02-12,dauin_muck,0.0,21.45,1.89,0.82,8.0,Moderate,Moderate,poor_viz,weather,med,scenario=post_storm
2023-02-13,dauin_muck,0.0,20.89,1.95,0.75,8.0,Moderate,Moderate,poor_viz,weather,med,scenario=post_storm
2023-02-14,dauin_muck,4.59,23.67,2.07,0.74,3.0,High,High,no_dive,swell,med,scenario=post_storm
2023-02-15,dauin_muck,10.21,30.85,2.43,0.62,3.0,High,High,no_dive,swell,med,scenario=post_storm
2023-02-25,dauin_muck,0.0,23.81,2.13,0.92,3.0,High,High,no_dive,swell,med,scenario=post_storm
2023-02-26,dauin_muck,0.0,28.46,2.21,0.91,3.0,High,High,no_dive,swell,med,scenario=post_storm
2023-02-27,dauin_muck,0.93,27.63,2.05,0.78,3.0,High,High,no_dive,swell,med,scenario=post_storm
2023-02-28,dauin_muck,1.6,24.68,2.13,0.74,3.0,High,High,no_dive,swell,med,scenario=post_storm
2023-03-01,dauin_muck,0.0,22.63,2.05,0.73,3.0,High,High,no_dive,swell,med,scenario=post_storm
2023-04-27,dauin_muck,0.0,25.14,1.74,0.85,8.0,Moderate,Moderate,poor_viz,weather,med,scenario=post_storm
2023-04-28,dauin_muck,0.0,24.97,1.77,0.77,8.0,Moderate,Moderate,poor_viz,weather,med,scenario=post_storm
2023-04-29,dauin_muck,0.0,24.19,1.91,0.74,8.0,Moderate,Moderate,poor_viz,weather,med,scenario=post_storm
2023-04-30,dauin_muck,0.0,27.38,1.85,0.68,8.0,Moderate,Moderate,poor_viz,weather,med,scenario=post_storm
2023-05-01,dauin_muck,0.0,28.84,2.03,0.68,3.0,High,High,no_dive,swell,med,scenario=post_storm
2023-05-02,dauin_muck,0.0,30.18,2.54,0.62,3.0,High,High,no_dive,swell,med,scenario=post_storm
2023-05-03,dauin_muck,0.0,32.55,2.61,0.57,3.0,High,High,no_dive,swell,med,scenario=post_storm
2023-05-04,dauin_muck,0.0,29.29,2.1,0.57,3.0,High,High,no_dive,swell,med,scenario=post_storm
2023-05-29,dauin_muck,4.88,23.2,1.71,0.74,8.0,Moderate,Moderate,poor_viz,weather,med,scenario=post_storm
2023-08-02,dauin_muck,69.81,102.39,7.42,0.64,3.0,High,High,no_dive,swell,med,scenario=post_storm
2023-08-03,dauin_muck,2.3,31.3,2.18,0.7,3.0,High,High,no_dive,swell,med,scenario=post_storm
2023-09-15,dauin_muck,1.48,33.5,2.32,0.61,3.0,High,High,no_dive,swell,med,scenario=post_storm
2023-09-16,dauin_muck,2.38,20.75,1.87,0.7,8.0,Moderate,Moderate,poor_viz,weather,med,scenario=post_storm
2023-09-17,dauin_muck,0.0,22.82,1.95,0.78,8.0,Moderate,Moderate,poor_viz,weather,med,scenario=post_storm
2023-09-18,dauin_muck,0.0,29.2,2.11,0.82,3.0,High,High,no_dive,swell,med,scenario=post_storm
2023-09-19,dauin_muck,5.24,29.83,2.17,0.84,3.0,High,High,no_dive,swell,med,scenario=post_storm
2023-09-20,dauin_muck,8.39,23.1,1.86,0.92,8.0,Moderate,Moderate,poor_viz,weather,med,scenario=post_storm
2023-10-08,dauin_muck,4.87,24.58,2.27,0.8,3.0,High,High,no_dive,swell,med,scenario=post_storm
2023-10-09,dauin_muck,9.07,27.06,2.35,0.68,3.0,High,High,no_dive,swell,med,scenario=post_storm
2023-10-10,dauin_muck,5.54,26.54,2.13,0.58,3.0,High,High,no_dive,swell,med,scenario=post_storm
2023-10-11,dauin_muck,6.12,22.56,2.02,0.56,3.0,High,High,no_dive,swell,med,scenario=post_storm
2023-11-16,dauin_muck,0.0,25.97,2.16,0.8,3.0,High,High,no_dive,swell,med,scenario=post_storm
2023-11-17,dauin_muck,0.0,30.75,2.22,0.9,3.0,High,High,no_dive,swell,med,scenario=post_storm
2023-11-18,dauin_muck,0.0,30.75,2.07,0.96,3.0,High,High,no_dive,swell,med,scenario=post_storm
2023-11-19,dauin_muck,1.31,31.54,2.34,0.87,3.0,High,High,no_dive,swell,med,scenario=post_storm
2023-12-07,dauin_muck,0.0,22.32,2.08,0.68,3.0,High,High,no_dive,swell,med,scenario=post_storm
2023-12-08,dauin_muck,0.0,22.3,2.0,0.63,8.0,Moderate,Moderate,poor_viz,weather,med,scenario=post_storm
2023-12-09,dauin_muck,0.0,22.39,1.85,0.53,8.0,Moderate,Moderate,poor_viz,weather,med,scenario=post_storm
2023-12-10,dauin_muck,4.95,22.18,1.76,0.52,8.0,Moderate,Moderate,poor_viz,weather,med,scenario=post_storm
2023-12-11,dauin_muck,8.1,32.18,2.48,0.54,3.0,High,High,no_dive,swell,med,scenario=post_storm
2023-12-12,dauin_muck,2.41,32.14,2.47,0.55,3.0,High,High,no_dive,swell,med,scenario=post_storm
2023-12-13,dauin_muck,6.84,26.29,1.8,0.62,8.0,Moderate,Moderate,poor_viz,weather,med,scenario=post_storm
2023-12-23,dauin_muck,0.0,31.15,1.91,0.6,8.0,Moderate,Moderate,poor_viz,weather,med,scenario=post_storm
2023-12-24,dauin_muck,0.0,26.39,2.19,0.51,3.0,High,High,no_dive,swell,med,scenario=post_storm
2023-12-25,dauin_muck,4.82,29.4,2.36,0.55,3.0,High,High,no_dive,swell,med,scenario=post_storm
2023-12-26,dauin_muck,13.38,27.13,2.38,0.54,3.0,High,High,no_dive,swell,med,scenario=post_storm
2023-12-27,dauin_muck,12.75,34.76,2.41,0.61,3.0,High,High,no_dive,swell,med,scenario=post_storm
2023-12-28,dauin_muck,9.21,34.76,2.45,0.66,3.0,High,High,no_dive,swell,med,scenario=post_storm
2023-12-29,dauin_muck,9.32,25.98,2.16,0.75,3.0,High,High,no_dive,swell,med,scenario=post_storm
2023-12-30,dauin_muck,7.13,28.52,2.34,0.78,3.0,High,High,no_dive,swell,med,scenario=post_storm
2024-04-21,dauin_muck,2.82,24.86,1.74,0.61,8.0,Moderate,Moderate,poor_viz,weather,med,scenario=post_storm
2024-04-22,dauin_muck,5.17,31.18,1.91,0.6,8.0,Moderate,Moderate,poor_viz,weather,med,scenario=post_storm
2024-04-23,dauin_muck,0.0,31.78,2.06,0.62,3.0,High,High,no_dive,swell,med,scenario=post_storm
2024-04-24,dauin_muck,0.0,22.81,1.85,0.65,8.0,Moderate,Moderate,poor_viz,weather,med,scenario=post_storm
2024-05-20,dauin_muck,1.2,34.44,2.24,0.57,3.0,High,High,no_dive,swell,med,scenario=post_storm
2024-11-28,dauin_muck,0.0,25.43,2.0,0.5,3.0,High,High,no_dive,swell,med,scenario=post_storm
2024-11-29,dauin_muck,0.78,29.35,1.99,0.56,8.0,Moderate,Moderate,poor_viz,weather,med,scenario=post_storm
2024-12-14,dauin_muck,4.47,32.98,2.37,0.55,3.0,High,High,no_dive,swell,med,scenario=post_storm
2024-12-15,dauin_muck,10.83,31.29,2.37,0.57,3.0,High,High,no_dive,swell,med,scenario=post_storm
2024-12-16,dauin_muck,8.83,28.38,2.3,0.64,3.0,High,High,no_dive,swell,med,scenario=post_storm
2024-12-17,dauin_muck,9.66,28.85,2.26,0.66,3.0,High,High,no_dive,swell,med,scenario=post_storm
2025-02-11,dauin_muck,0.0,31.42,2.14,0.54,3.0,High,High,no_dive,swell,med,scenario=post_storm
2025-03-16,dauin_muck,10.02,23.63,2.13,0.71,3.0,High,High,no_dive,swell,med,scenario=post_storm
2025-03-17,dauin_muck,12.35,23.05,2.1,0.82,3.0,High,High,no_dive,swell,med,scenario=post_storm
2025-03-18,dauin_muck,8.73,24.2,1.95,0.88,8.0,Moderate,Moderate,poor_viz,weather,med,scenario=post_storm
2025-03-19,dauin_muck,0.0,28.63,2.04,0.88,3.0,High,High,no_dive,swell,med,scenario=post_storm
2025-05-04,dauin_muck,18.31,36.46,2.46,0.86,3.0,High,High,no_dive,swell,med,scenario=post_storm
2025-05-05,dauin_muck,0.0,26.58,2.11,0.87,3.0,High,High,no_dive,swell,med,scenario=post_storm
2025-05-06,dauin_muck,0.0,27.6,2.06,0.81,3.0,High,High,no_dive,swell,med,scenario=post_storm
2025-05-07,dauin_muck,3.06,29.18,2.18,0.71,3.0,High,High,no_dive,swell,med,scenario=post_storm
2025-05-08,dauin_muck,5.46,30.17,2.14,0.64,3.0,High,High,no_dive,swell,med,scenario=post_storm
2025-05-09,dauin_muck,0.0,26.04,1.92,0.58,8.0,Moderate,Moderate,poor_viz,weather,med,scenario=post_storm
2025-05-29,dauin_muck,2.48,21.7,1.61,0.78,8.0,Moderate,Moderate,poor_viz,weather,med,scenario=post_storm
2025-05-30,dauin_muck,4.36,25.8,2.14,0.87,3.0,High,High,no_dive,swell,med,scenario=post_storm
2025-05-31,dauin_muck,7.52,25.87,2.1,0.84,3.0,High,High,no_dive,swell,med,scenario=post_storm
2025-06-01,dauin_muck,0.0,30.89,1.97,0.92,8.0,Moderate,Moderate,poor_viz,weather,med,scenario=post_storm
2025-06-02,dauin_muck,1.94,30.89,1.97,0.85,8.0,Moderate,Moderate,poor_viz,weather,med,scenario=post_storm
2025-07-20,dauin_muck,0.0,31.2,2.05,0.7,3.0,High,High,no_dive,swell,med,scenario=post_storm
2025-07-21,dauin_muck,0.0,31.2,1.96,0.62,8.0,Moderate,Moderate,poor_viz,weather,med,scenario=post_storm
2025-08-12,dauin_muck,10.12,37.91,2.25,0.79,3.0,High,High,no_dive,swell,med,scenario=post_storm
2025-08-13,dauin_muck,1.88,27.85,2.25,0.88,3.0,High,High,no_dive,swell,med,scenario=post_storm
2025-08-14,dauin_muck,0.0,28.37,2.15,0.86,3.0,High,High,no_dive,swell,med,scenario=post_storm
2025-09-05,dauin_muck,0.0,27.35,1.78,0.58,8.0,Moderate,Moderate,poor_viz,weather,med,scenario=post_storm
2025-09-06,dauin_muck,0.0,26.13,1.84,0.55,8.0,Moderate,Moderate,poor_viz,weather,med,scenario=post_storm
2025-09-13,dauin_muck,0.96,26.96,1.77,0.95,8.0,Moderate,Moderate,poor_viz,weather,med,scenario=post_storm
2025-09-14,dauin_muck,3.45,27.08,2.12,0.93,3.0,High,High,no_dive,swell,med,scenario=post_storm
2025-09-15,dauin_muck,3.17,24.31,2.1,0.87,3.0,High,High,no_dive,swell,med,scenario=post_storm
2025-10-14,dauin_muck,0.0,25.83,2.22,0.85,3.0,High,High,no_dive,swell,med,scenario=post_storm
2025-10-15,dauin_muck,0.0,29.22,2.48,0.78,3.0,High,High,no_dive,swell,med,scenario=post_storm
2026-01-02,dauin_muck,3.98,30.27,2.05,0.57,3.0,High,High,no_dive,swell,med,scenario=post_storm
2026-01-03,dauin_muck,7.39,30.34,2.14,0.57,3.0,High,High,no_dive,swell,med,scenario=post_storm
2026-01-04,dauin_muck,1.41,27.95,2.06,0.65,3.0,High,High,no_dive,swell,med,scenario=post_storm
2026-02-08,dauin_muck,0.0,27.17,1.93,0.87,8.0,Moderate,Moderate,poor_viz,weather,med,scenario=post_storm
2026-02-09,dauin_muck,2.72,27.79,2.01,0.85,3.0,High,High,no_dive,swell,med,scenario=post_storm
2026-03-02,dauin_muck,41.63,78.3,4.21,0.57,3.0,High,High,no_dive,swell,med,scenario=post_storm
2026-03-03,dauin_muck,8.26,22.28,2.22,0.62,3.0,High,High,no_dive,swell,med,scenario=post_storm
2026-03-04,dauin_muck,0.0,30.38,2.12,0.61,3.0,High,High,no_dive,swell,med,scenario=post_storm
2026-03-31,dauin_muck,52.71,75.08,4.39,0.6,3.0,High,High,no_dive,swell,med,scenario=post_storm
2026-04-04,dauin_muck,60.08,76.8,3.98,0.79,3.0,High,High,no_dive,swell,med,scenario=post_storm
2026-04-05,dauin_muck,5.4,25.67,2.15,0.84,3.0,High,High,no_dive,swell,med,scenario=post_storm
2026-04-08,dauin_muck,0.0,25.43,2.18,0.83,3.0,High,High,no_dive,swell,med,scenario=post_storm
2026-04-09,dauin_muck,0.0,26.13,2.19,0.8,3.0,High,High,no_dive,swell,med,scenario=post_storm
2022-07-05,apo_reef,25.04,31.77,2.05,1.08,3.0,High,High,no_dive,swell,med,scenario=post_storm
2022-07-06,apo_reef,0.0,26.75,2.16,1.02,3.0,High,High,no_dive,swell,med,scenario=post_storm
2022-07-07,apo_reef,0.0,27.97,2.2,0.97,3.0,High,High,no_dive,swell,med,scenario=post_storm
2022-07-08,apo_reef,0.0,29.96,1.87,0.84,8.0,Moderate,Moderate,poor_viz,weather,med,scenario=post_storm
2022-07-09,apo_reef,0.0,24.53,1.76,0.76,8.0,Moderate,Moderate,poor_viz,weather,med,scenario=post_storm
2022-07-18,apo_reef,0.0,26.33,1.92,1.04,8.0,Moderate,Moderate,poor_viz,weather,med,scenario=post_storm
2022-07-19,apo_reef,4.58,29.23,1.95,1.09,8.0,Moderate,Moderate,poor_viz,weather,med,scenario=post_storm
2022-07-20,apo_reef,7.9,29.2,2.2,1.04,3.0,High,High,no_dive,swell,med,scenario=post_storm
2022-07-21,apo_reef,4.92,26.33,2.2,1.02,3.0,High,High,no_dive,swell,med,scenario=post_storm
2022-07-22,apo_reef,11.59,28.02,2.07,0.99,3.0,High,High,no_dive,swell,med,scenario=post_storm
2022-07-23,apo_reef,4.0,30.84,2.15,0.87,3.0,High,High,no_dive,swell,med,scenario=post_storm
2022-10-06,apo_reef,28.26,27.33,2.04,0.72,3.0,High,High,no_dive,swell,med,scenario=post_storm
2022-10-07,apo_reef,8.79,29.34,2.11,0.7,3.0,High,High,no_dive,swell,med,scenario=post_storm
2022-10-08,apo_reef,6.85,31.45,2.19,0.6,3.0,High,High,no_dive,swell,med,scenario=post_storm
2022-10-09,apo_reef,5.91,21.97,2.03,0.62,3.0,High,High,no_dive,swell,med,scenario=post_storm
2022-11-03,apo_reef,2.78,25.79,1.76,0.83,8.0,Moderate,Moderate,poor_viz,weather,med,scenario=post_storm
2022-11-04,apo_reef,4.87,29.03,2.28,0.71,3.0,High,High,no_dive,swell,med,scenario=post_storm
2022-11-05,apo_reef,0.0,31.65,2.46,0.68,3.0,High,High,no_dive,swell,med,scenario=post_storm
2022-11-06,apo_reef,0.0,29.9,2.38,0.66,3.0,High,High,no_dive,swell,med,scenario=post_storm
2022-11-07,apo_reef,0.0,30.78,2.33,0.64,3.0,High,High,no_dive,swell,med,scenario=post_storm
2022-11-08,apo_reef,0.0,22.72,2.24,0.7,3.0,High,High,no_dive,swell,med,scenario=post_storm
2022-11-16,apo_reef,86.46,100.92,7.0,0.99,3.0,High,High,no_dive,swell,med,scenario=post_storm
2022-11-17,apo_reef,0.0,25.7,2.35,0.91,3.0,High,High,no_dive,swell,med,scenario=post_storm
2022-11-18,apo_reef,0.0,28.44,2.31,0.82,3.0,High,High,no_dive,swell,med,scenario=post_storm
2022-12-11,apo_reef,13.19,28.0,2.13,0.93,3.0,High,High,no_dive,swell,med,scenario=post_storm
2022-12-12,apo_reef,3.61,23.04,2.11,1.02,3.0,High,High,no_dive,swell,med,scenario=post_storm
2022-12-13,apo_reef,7.52,30.79,2.17,1.04,3.0,High,High,no_dive,swell,med,scenario=post_storm
2022-12-14,apo_reef,1.9,30.8,2.03,1.0,3.0,High,High,no_dive,swell,med,scenario=post_storm
2022-12-15,apo_reef,0.0,27.17,2.07,0.99,3.0,High,High,no_dive,swell,med,scenario=post_storm
2022-12-16,apo_reef,0.0,25.05,2.02,0.91,3.0,High,High,no_dive,swell,med,scenario=post_storm
2022-12-17,apo_reef,0.0,27.23,2.02,0.89,3.0,High,High,no_dive,swell,med,scenario=post_storm
2023-01-18,apo_reef,5.18,24.08,2.25,0.62,3.0,High,High,no_dive,swell,med,scenario=post_storm
2023-01-19,apo_reef,12.26,24.56,2.18,0.64,3.0,High,High,no_dive,swell,med,scenario=post_storm
2023-02-24,apo_reef,2.44,28.19,2.2,1.03,3.0,High,High,no_dive,swell,med,scenario=post_storm
2023-02-25,apo_reef,4.22,25.28,2.3,1.14,3.0,High,High,no_dive,swell,med,scenario=post_storm
2023-04-03,apo_reef,2.77,25.88,2.27,0.62,3.0,High,High,no_dive,swell,med,scenario=post_storm
2023-06-05,apo_reef,0.0,22.95,2.26,0.94,3.0,High,High,no_dive,swell,med,scenario=post_storm
2023-06-06,apo_reef,0.0,29.69,2.22,1.05,3.0,High,High,no_dive,swell,med,scenario=post_storm
2023-06-09,apo_reef,0.0,26.42,2.23,0.99,3.0,High,High,no_dive,swell,med,scenario=post_storm
2023-06-10,apo_reef,0.0,26.0,2.19,1.0,3.0,High,High,no_dive,swell,med,scenario=post_storm
2023-11-25,apo_reef,1.23,25.01,2.22,0.65,3.0,High,High,no_dive,swell,med,scenario=post_storm
2023-11-26,apo_reef,1.95,24.9,2.22,0.63,3.0,High,High,no_dive,swell,med,scenario=post_storm
2023-11-27,apo_reef,0.0,28.64,2.06,0.63,3.0,High,High,no_dive,swell,med,scenario=post_storm
2023-11-28,apo_reef,2.07,28.59,2.14,0.66,3.0,High,High,no_dive,swell,med,scenario=post_storm
2023-12-15,apo_reef,0.0,20.52,1.53,0.93,8.0,Moderate,Moderate,poor_viz,weather,med,scenario=post_storm
2023-12-16,apo_reef,1.15,28.4,2.1,0.95,3.0,High,High,no_dive,swell,med,scenario=post_storm
2023-12-17,apo_reef,2.3,32.01,2.24,1.02,3.0,High,High,no_dive,swell,med,scenario=post_storm
2023-12-18,apo_reef,4.61,21.69,2.07,1.1,3.0,High,High,no_dive,swell,med,scenario=post_storm
2023-12-19,apo_reef,7.68,27.28,1.94,1.02,8.0,Moderate,Moderate,poor_viz,weather,med,scenario=post_storm
2023-12-20,apo_reef,0.0,23.3,2.1,0.97,3.0,High,High,no_dive,swell,med,scenario=post_storm
2023-12-21,apo_reef,0.0,28.89,2.29,0.88,3.0,High,High,no_dive,swell,med,scenario=post_storm
2023-12-22,apo_reef,4.69,29.71,2.4,0.78,3.0,High,High,no_dive,swell,med,scenario=post_storm
2023-12-23,apo_reef,7.61,31.04,1.95,0.66,8.0,Moderate,Moderate,poor_viz,weather,med,scenario=post_storm
2023-12-24,apo_reef,2.8,30.59,2.16,0.61,3.0,High,High,no_dive,swell,med,scenario=post_storm
2023-12-25,apo_reef,4.48,27.97,2.31,0.62,3.0,High,High,no_dive,swell,med,scenario=post_storm
2023-12-26,apo_reef,0.0,27.14,2.39,0.64,3.0,High,High,no_dive,swell,med,scenario=post_storm
2023-12-27,apo_reef,3.91,27.62,2.31,0.68,3.0,High,High,no_dive,swell,med,scenario=post_storm
2023-12-28,apo_reef,6.02,31.39,2.31,0.79,3.0,High,High,no_dive,swell,med,scenario=post_storm
2023-12-29,apo_reef,5.16,32.58,2.39,0.84,3.0,High,High,no_dive,swell,med,scenario=post_storm
2024-02-01,apo_reef,4.01,22.84,2.15,1.02,3.0,High,High,no_dive,swell,med,scenario=post_storm
2024-04-03,apo_reef,2.16,30.78,2.22,0.84,3.0,High,High,no_dive,swell,med,scenario=post_storm
2024-04-04,apo_reef,3.68,30.78,2.22,0.76,3.0,High,High,no_dive,swell,med,scenario=post_storm
2024-04-05,apo_reef,2.87,30.19,2.26,0.67,3.0,High,High,no_dive,swell,med,scenario=post_storm
2024-04-06,apo_reef,7.76,25.16,2.06,0.62,3.0,High,High,no_dive,swell,med,scenario=post_storm
2024-04-07,apo_reef,6.73,27.35,2.12,0.68,3.0,High,High,no_dive,swell,med,scenario=post_storm
2024-06-18,apo_reef,0.0,29.06,1.86,0.67,8.0,Moderate,Moderate,poor_viz,weather,med,scenario=post_storm
2024-06-19,apo_reef,1.01,29.06,2.16,0.62,3.0,High,High,no_dive,swell,med,scenario=post_storm
2024-06-20,apo_reef,7.59,28.77,2.38,0.69,3.0,High,High,no_dive,swell,med,scenario=post_storm
2024-06-21,apo_reef,9.6,30.41,2.54,0.76,3.0,High,High,no_dive,swell,med,scenario=post_storm
2024-06-22,apo_reef,0.0,22.78,2.17,0.85,3.0,High,High,no_dive,swell,med,scenario=post_storm
2024-06-23,apo_reef,5.26,23.94,2.12,0.89,3.0,High,High,no_dive,swell,med,scenario=post_storm
2024-07-06,apo_reef,0.0,28.16,2.15,0.76,3.0,High,High,no_dive,swell,med,scenario=post_storm
2024-07-07,apo_reef,3.99,30.98,2.16,0.81,3.0,High,High,no_dive,swell,med,scenario=post_storm
2024-08-10,apo_reef,0.0,31.2,2.01,1.02,3.0,High,High,no_dive,swell,med,scenario=post_storm
2024-08-11,apo_reef,0.0,23.54,1.88,1.03,8.0,Moderate,Moderate,poor_viz,weather,med,scenario=post_storm
2024-08-12,apo_reef,4.41,24.23,1.81,0.97,8.0,Moderate,Moderate,poor_viz,weather,med,scenario=post_storm
2024-08-13,apo_reef,7.12,27.73,1.88,0.97,8.0,Moderate,Moderate,poor_viz,weather,med,scenario=post_storm
2024-08-14,apo_reef,1.93,28.86,2.2,0.85,3.0,High,High,no_dive,swell,med,scenario=post_storm
2024-08-15,apo_reef,7.65,30.12,2.23,0.76,3.0,High,High,no_dive,swell,med,scenario=post_storm
2024-08-16,apo_reef,9.53,24.46,2.08,0.71,3.0,High,High,no_dive,swell,med,scenario=post_storm
2024-08-17,apo_reef,3.67,24.46,2.03,0.64,3.0,High,High,no_dive,swell,med,scenario=post_storm
2024-08-18,apo_reef,0.0,22.58,2.18,0.58,3.0,High,High,no_dive,swell,med,scenario=post_storm
2024-08-19,apo_reef,1.29,23.7,2.01,0.68,3.0,High,High,no_dive,swell,med,scenario=post_storm
2024-08-20,apo_reef,7.41,24.37,2.08,0.72,3.0,High,High,no_dive,swell,med,scenario=post_storm
2024-08-21,apo_reef,8.8,24.54,1.94,0.82,8.0,Moderate,Moderate,poor_viz,weather,med,scenario=post_storm
2024-08-22,apo_reef,0.0,28.33,2.47,0.92,3.0,High,High,no_dive,swell,med,scenario=post_storm
2024-08-23,apo_reef,1.97,26.25,2.32,0.98,3.0,High,High,no_dive,swell,med,scenario=post_storm
2024-08-24,apo_reef,7.41,23.1,1.97,1.03,8.0,Moderate,Moderate,poor_viz,weather,med,scenario=post_storm
2024-08-25,apo_reef,8.44,25.03,2.13,0.98,3.0,High,High,no_dive,swell,med,scenario=post_storm
2024-08-26,apo_reef,1.75,27.99,2.42,0.99,3.0,High,High,no_dive,swell,med,scenario=post_storm
2024-08-27,apo_reef,1.55,29.48,2.42,0.98,3.0,High,High,no_dive,swell,med,scenario=post_storm
2024-08-28,apo_reef,2.42,25.17,1.94,0.93,8.0,Moderate,Moderate,poor_viz,weather,med,scenario=post_storm
2024-08-29,apo_reef,4.08,29.92,2.33,0.81,3.0,High,High,no_dive,swell,med,scenario=post_storm
2024-08-30,apo_reef,7.52,26.44,2.34,0.75,3.0,High,High,no_dive,swell,med,scenario=post_storm
2024-10-30,apo_reef,0.0,30.04,1.84,0.64,8.0,Moderate,Moderate,poor_viz,weather,med,scenario=post_storm
2024-10-31,apo_reef,1.44,22.11,2.04,0.65,3.0,High,High,no_dive,swell,med,scenario=post_storm
2025-01-18,apo_reef,0.0,20.42,1.66,1.08,8.0,Moderate,Moderate,poor_viz,weather,med,scenario=post_storm
2025-02-11,apo_reef,0.0,23.3,2.1,0.6,3.0,High,High,no_dive,swell,med,scenario=post_storm
2025-02-12,apo_reef,0.0,26.51,2.02,0.66,3.0,High,High,no_dive,swell,med,scenario=post_storm
2025-02-13,apo_reef,3.3,27.44,2.06,0.75,3.0,High,High,no_dive,swell,med,scenario=post_storm
2025-02-14,apo_reef,7.83,27.77,2.03,0.88,3.0,High,High,no_dive,swell,med,scenario=post_storm
2025-03-14,apo_reef,3.91,21.55,1.86,0.68,8.0,Moderate,Moderate,poor_viz,weather,med,scenario=post_storm
2025-03-15,apo_reef,6.68,22.27,2.07,0.77,3.0,High,High,no_dive,swell,med,scenario=post_storm
2025-04-11,apo_reef,0.0,18.95,1.91,0.68,8.0,Moderate,Moderate,poor_viz,swell,med,scenario=post_storm
2025-04-12,apo_reef,0.0,28.3,2.0,0.69,8.0,Moderate,Moderate,poor_viz,weather,med,scenario=post_storm
2025-04-13,apo_reef,4.38,29.2,1.98,0.7,8.0,Moderate,Moderate,poor_viz,weather,med,scenario=post_storm
2025-04-14,apo_reef,8.13,26.27,2.4,0.89,3.0,High,High,no_dive,swell,med,scenario=post_storm
2025-04-15,apo_reef,1.81,28.37,2.35,0.94,3.0,High,High,no_dive,swell,med,scenario=post_storm
2025-04-16,apo_reef,2.83,30.89,2.0,1.07,8.0,Moderate,Moderate,poor_viz,weather,med,scenario=post_storm
2025-04-17,apo_reef,2.75,29.32,2.3,1.09,3.0,High,High,no_dive,swell,med,scenario=post_storm
2025-07-17,apo_reef,1.71,24.69,2.11,1.03,3.0,High,High,no_dive,swell,med,scenario=post_storm
2025-07-22,apo_reef,2.58,23.21,1.85,0.7,8.0,Moderate,Moderate,poor_viz,weather,med,scenario=post_storm
2025-07-23,apo_reef,4.26,23.59,1.88,0.67,8.0,Moderate,Moderate,poor_viz,weather,med,scenario=post_storm
2025-08-28,apo_reef,1.78,21.14,1.82,0.98,8.0,Moderate,Moderate,poor_viz,weather,med,scenario=post_storm
2025-08-29,apo_reef,3.29,26.9,2.3,1.08,3.0,High,High,no_dive,swell,med,scenario=post_storm
2025-08-30,apo_reef,5.26,27.72,2.34,1.06,3.0,High,High,no_dive,swell,med,scenario=post_storm
2025-08-31,apo_reef,4.3,22.55,1.79,1.01,8.0,Moderate,Moderate,poor_viz,weather,med,scenario=post_storm
2025-09-01,apo_reef,6.38,24.29,2.06,0.95,3.0,High,High,no_dive,swell,med,scenario=post_storm
2025-09-02,apo_reef,4.54,29.44,2.04,0.87,3.0,High,High,no_dive,swell,med,scenario=post_storm
2025-09-03,apo_reef,8.75,33.57,2.02,0.69,3.0,High,High,no_dive,swell,med,scenario=post_storm
2025-09-06,apo_reef,63.6,78.33,3.93,0.7,3.0,High,High,no_dive,swell,med,scenario=post_storm
2025-09-07,apo_reef,0.0,25.61,1.96,0.68,3.0,Moderate,Moderate,no_dive,weather,med,scenario=post_storm
2025-09-08,apo_reef,0.0,27.54,2.03,0.76,3.0,High,High,no_dive,swell,med,scenario=post_storm
2025-09-09,apo_reef,5.18,29.05,2.19,0.81,3.0,High,High,no_dive,swell,med,scenario=post_storm
2025-09-10,apo_reef,9.5,26.78,2.19,0.92,3.0,High,High,no_dive,swell,med,scenario=post_storm
2025-09-12,apo_reef,1.34,27.85,2.0,1.0,8.0,Moderate,Moderate,poor_viz,weather,med,scenario=post_storm
2025-09-13,apo_reef,5.3,27.85,2.16,1.08,3.0,High,High,no_dive,swell,med,scenario=post_storm
2026-01-04,apo_reef,92.46,76.95,6.65,0.71,3.0,High,High,no_dive,swell,med,scenario=post_storm
2026-01-06,apo_reef,0.0,23.02,2.06,0.9,3.0,High,High,no_dive,swell,med,scenario=post_storm
2026-01-07,apo_reef,0.0,24.92,2.17,0.99,3.0,High,High,no_dive,swell,med,scenario=post_storm
2026-01-08,apo_reef,5.22,24.74,2.22,1.11,3.0,High,High,no_dive,swell,med,scenario=post_storm
2026-01-15,apo_reef,0.0,23.46,2.05,0.67,3.0,High,High,no_dive,swell,med,scenario=post_storm
2026-01-16,apo_reef,0.0,23.51,2.03,0.6,3.0,High,High,no_dive,swell,med,scenario=post_storm
2026-01-17,apo_reef,0.0,24.54,2.12,0.58,3.0,High,High,no_dive,swell,med,scenario=post_storm
2026-01-18,apo_reef,0.0,26.81,2.15,0.66,3.0,High,High,no_dive,swell,med,scenario=post_storm
2026-01-19,apo_reef,3.4,26.81,2.32,0.73,3.0,High,High,no_dive,swell,med,scenario=post_storm
2026-03-01,apo_reef,0.0,29.8,2.07,0.69,3.0,High,High,no_dive,swell,med,scenario=post_storm
2026-03-02,apo_reef,0.0,31.34,2.18,0.72,3.0,High,High,no_dive,swell,med,scenario=post_storm
2026-03-03,apo_reef,0.0,28.13,1.97,0.69,8.0,Moderate,Moderate,poor_viz,weather,med,scenario=post_storm
2026-03-04,apo_reef,0.0,28.71,2.25,0.78,3.0,High,High,no_dive,swell,med,scenario=post_storm
2026-03-05,apo_reef,0.0,26.6,2.29,0.79,3.0,High,High,no_dive,swell,med,scenario=post_storm
2026-04-11,apo_reef,2.54,21.75,1.58,0.93,8.0,Moderate,Moderate,poor_viz,weather,med,scenario=post_storm
